{"1961-Kennedy": 0.01642935377875137, "1965-Johnson": 0.014910536779324055, "1969-Nixon": 0.014245014245014245, "1973-Nixon": 0.019945602901178604, "1977-Carter": 0.011508951406649617, "1981-Reagan": 0.019692307692307693, "1985-Reagan": 0.020327498588368152, "1989-Bush": 0.023009950248756218, "1993-Clinton": 0.02917046490428441, "1997-Clinton": 0.020763563295378432, "2001-Bush": 0.024816176470588234, "2005-Bush": 0.021861777150916785, "2009-Obama": 0.025982256020278833, "2013-Obama": 0.025547445255474453, "2017-Trump": 0.01282051282051282}