{"1961-Kennedy": {"economy": 0.0, "trade": 0.0, "market": 0.001095290251916758, "money": 0.0, "job": 0.0, "service": 0.001095290251916758, "gold": 0.0}, "1965-Johnson": {"economy": 0.0, "trade": 0.0, "market": 0.0, "money": 0.0, "job": 0.0, "service": 0.0, "gold": 0.0}, "1969-Nixon": {"economy": 0.0007122507122507123, "trade": 0.0, "market": 0.0, "money": 0.0007122507122507123, "job": 0.0, "service": 0.0, "gold": 0.0}, "1973-Nixon": {"economy": 0.0, "trade": 0.0, "market": 0.0, "money": 0.0, "job": 0.0, "service": 0.0, "gold": 0.0}, "1977-Carter": {"economy": 0.0012787723785166241, "trade": 0.0, "market": 0.0, "money": 0.0, "job": 0.0, "service": 0.0, "gold": 0.0}, "1981-Reagan": {"economy": 0.0024615384615384616, "trade": 0.0, "market": 0.0, "money": 0.0006153846153846154, "job": 0.0012307692307692308, "service": 0.0, "gold": 0.0}, "1985-Reagan": {"economy": 0.00282326369282891, "trade": 0.0, "market": 0.000564652738565782, "money": 0.003952569169960474, "job": 0.0, "service": 0.0, "gold": 0.000564652738565782}, "1989-Bush": {"economy": 0.0, "trade": 0.0006218905472636816, "market": 0.0012437810945273632, "money": 0.0024875621890547263, "job": 0.0006218905472636816, "service": 0.0, "gold": 0.0006218905472636816}, "1993-Clinton": {"economy": 0.005469462169553327, "trade": 0.0, "market": 0.0, "money": 0.0, "job": 0.0009115770282588879, "service": 0.0036463081130355514, "gold": 0.0}, "1997-Clinton": {"economy": 0.0020093770931011385, "trade": 0.0006697923643670462, "market": 0.0, "money": 0.0006697923643670462, "job": 0.0006697923643670462, "service": 0.0, "gold": 0.0}, "2001-Bush": {"economy": 0.001838235294117647, "trade": 0.0, "market": 0.0, "money": 0.0, "job": 0.0, "service": 0.0027573529411764703, "gold": 0.0}, "2005-Bush": {"economy": 0.0007052186177715092, "trade": 0.0, "market": 0.0007052186177715092, "money": 0.0007052186177715092, "job": 0.0, "service": 0.0007052186177715092, "gold": 0.0}, "2009-Obama": {"economy": 0.0025348542458808617, "trade": 0.0, "market": 0.0006337135614702154, "money": 0.0, "job": 0.0025348542458808617, "service": 0.0019011406844106462, "gold": 0.0}, "2013-Obama": {"economy": 0.00145985401459854, "trade": 0.0, "market": 0.00145985401459854, "money": 0.0, "job": 0.00218978102189781, "service": 0.00072992700729927, "gold": 0.0}, "2017-Trump": {"economy": 0.0, "trade": 0.0009861932938856016, "market": 0.0, "money": 0.0, "job": 0.004930966469428008, "service": 0.0, "gold": 0.0}}